<?xml version="1.0" encoding="utf-8" standalone="yes"?>
<!--Generated on mercredi 22 janvier 2020 at 15:25.-->
<PICPartInfo version="v5.30" defaultlegacy="0x8452" defaultextended="0x4620">
  <Part arch="16xxxx" procid="0x6432" name="PIC16C432" />
  <Part arch="16xxxx" procid="0x6433" name="PIC16C433" />
  <Part arch="16xxxx" procid="0x6554" name="PIC16C554" />
  <Part arch="16xxxx" procid="0x6557" name="PIC16C557" />
  <Part arch="16xxxx" procid="0x6558" name="PIC16C558" />
  <Part arch="16xxxx" procid="0x6620" name="PIC16C620" />
  <Part arch="16xxxx" procid="0x620A" name="PIC16C620A" />
  <Part arch="16xxxx" procid="0x6621" name="PIC16C621" />
  <Part arch="16xxxx" procid="0x621A" name="PIC16C621A" />
  <Part arch="16xxxx" procid="0x6622" name="PIC16C622" />
  <Part arch="16xxxx" procid="0x622A" name="PIC16C622A" />
  <Part arch="16xxxx" procid="0x662A" name="PIC16C62A" />
  <Part arch="16xxxx" procid="0x662B" name="PIC16C62B" />
  <Part arch="16xxxx" procid="0x6C63" name="PIC16C63" />
  <Part arch="16xxxx" procid="0x663A" name="PIC16C63A" />
  <Part arch="16xxxx" procid="0x6642" name="PIC16C642" />
  <Part arch="16xxxx" procid="0x664A" name="PIC16C64A" />
  <Part arch="16xxxx" procid="0x665A" name="PIC16C65A" />
  <Part arch="16xxxx" procid="0x665B" name="PIC16C65B" />
  <Part arch="16xxxx" procid="0x6C66" name="PIC16C66" />
  <Part arch="16xxxx" procid="0x6662" name="PIC16C662" />
  <Part arch="16xxxx" procid="0x6C67" name="PIC16C67" />
  <Part arch="16xxxx" procid="0x6C71" name="PIC16C71" />
  <Part arch="16xxxx" procid="0x6710" name="PIC16C710" />
  <Part arch="16xxxx" procid="0x6711" name="PIC16C711" />
  <Part arch="16xxxx" procid="0x6712" name="PIC16C712" />
  <Part arch="16xxxx" procid="0x6715" name="PIC16C715" />
  <Part arch="16xxxx" procid="0x6716" name="PIC16C716" />
  <Part arch="16xxxx" procid="0x6717" name="PIC16C717" />
  <Part arch="16xxxx" procid="0x6C72" name="PIC16C72" />
  <Part arch="16xxxx" procid="0x672A" name="PIC16C72A" />
  <Part arch="16xxxx" procid="0x673A" name="PIC16C73A" />
  <Part arch="16xxxx" procid="0x673B" name="PIC16C73B" />
  <Part arch="16xxxx" procid="0x6745" name="PIC16C745" />
  <Part arch="16xxxx" procid="0x674A" name="PIC16C74A" />
  <Part arch="16xxxx" procid="0x674B" name="PIC16C74B" />
  <Part arch="16xxxx" procid="0x6C76" name="PIC16C76" />
  <Part arch="16xxxx" procid="0x6765" name="PIC16C765" />
  <Part arch="16xxxx" procid="0x6C77" name="PIC16C77" />
  <Part arch="16xxxx" procid="0x6770" name="PIC16C770" />
  <Part arch="16xxxx" procid="0x6771" name="PIC16C771" />
  <Part arch="16xxxx" procid="0x6773" name="PIC16C773" />
  <Part arch="16xxxx" procid="0x6774" name="PIC16C774" />
  <Part arch="16xxxx" procid="0x6781" name="PIC16C781" />
  <Part arch="16xxxx" procid="0x6782" name="PIC16C782" />
  <Part arch="16xxxx" procid="0x6923" name="PIC16C923" />
  <Part arch="16xxxx" procid="0x6924" name="PIC16C924" />
  <Part arch="16xxxx" procid="0x6925" name="PIC16C925" />
  <Part arch="16xxxx" procid="0x6926" name="PIC16C926" />
  <Part arch="16Exxx" procid="0x1454" name="PIC16F1454" />
  <Part arch="16Exxx" procid="0x1455" name="PIC16F1455" />
  <Part arch="16Exxx" procid="0x1459" name="PIC16F1459" />
  <Part arch="16Exxx" procid="0x1503" name="PIC16F1503" />
  <Part arch="16Exxx" procid="0x1507" name="PIC16F1507" />
  <Part arch="16Exxx" procid="0x1508" name="PIC16F1508" />
  <Part arch="16Exxx" procid="0x1509" name="PIC16F1509" />
  <Part arch="16Exxx" procid="0x1512" name="PIC16F1512" />
  <Part arch="16Exxx" procid="0x1513" name="PIC16F1513" />
  <Part arch="16Exxx" procid="0x1516" name="PIC16F1516" />
  <Part arch="16Exxx" procid="0x1517" name="PIC16F1517" />
  <Part arch="16Exxx" procid="0x1518" name="PIC16F1518" />
  <Part arch="16Exxx" procid="0x1519" name="PIC16F1519" />
  <Part arch="16Exxx" procid="0x1526" name="PIC16F1526" />
  <Part arch="16Exxx" procid="0x1527" name="PIC16F1527" />
  <Part arch="16Exxx" procid="0x1574" name="PIC16F1574" />
  <Part arch="16Exxx" procid="0x1575" name="PIC16F1575" />
  <Part arch="16Exxx" procid="0x1578" name="PIC16F1578" />
  <Part arch="16Exxx" procid="0x1579" name="PIC16F1579" />
  <Part arch="16Exxx" procid="0x1613" name="PIC16F1613" />
  <Part arch="16Exxx" procid="0x1614" name="PIC16F1614" />
  <Part arch="16Exxx" procid="0x1615" name="PIC16F1615" />
  <Part arch="16Exxx" procid="0x1618" name="PIC16F1618" />
  <Part arch="16Exxx" procid="0x1619" name="PIC16F1619" />
  <Part arch="16Exxx" procid="0x1703" name="PIC16F1703" />
  <Part arch="16Exxx" procid="0x1704" name="PIC16F1704" />
  <Part arch="16Exxx" procid="0x1705" name="PIC16F1705" />
  <Part arch="16Exxx" procid="0x1707" name="PIC16F1707" />
  <Part arch="16Exxx" procid="0x1708" name="PIC16F1708" />
  <Part arch="16Exxx" procid="0x1709" name="PIC16F1709" />
  <Part arch="16Exxx" procid="0x1713" name="PIC16F1713" />
  <Part arch="16Exxx" procid="0x1716" name="PIC16F1716" />
  <Part arch="16Exxx" procid="0x1717" name="PIC16F1717" />
  <Part arch="16Exxx" procid="0x1718" name="PIC16F1718" />
  <Part arch="16Exxx" procid="0x1719" name="PIC16F1719" />
  <Part arch="16Exxx" procid="0x1764" name="PIC16F1764" />
  <Part arch="16Exxx" procid="0x1765" name="PIC16F1765" />
  <Part arch="16Exxx" procid="0x1768" name="PIC16F1768" />
  <Part arch="16Exxx" procid="0x1769" name="PIC16F1769" />
  <Part arch="16Exxx" procid="0x1773" name="PIC16F1773" />
  <Part arch="16Exxx" procid="0x1776" name="PIC16F1776" />
  <Part arch="16Exxx" procid="0x1777" name="PIC16F1777" />
  <Part arch="16Exxx" procid="0x1778" name="PIC16F1778" />
  <Part arch="16Exxx" procid="0x1779" name="PIC16F1779" />
  <Part arch="16Exxx" procid="0x1782" name="PIC16F1782" />
  <Part arch="16Exxx" procid="0x1783" name="PIC16F1783" />
  <Part arch="16Exxx" procid="0x1784" name="PIC16F1784" />
  <Part arch="16Exxx" procid="0x1786" name="PIC16F1786" />
  <Part arch="16Exxx" procid="0x1787" name="PIC16F1787" />
  <Part arch="16Exxx" procid="0x1788" name="PIC16F1788" />
  <Part arch="16Exxx" procid="0x1789" name="PIC16F1789" />
  <Part arch="16Exxx" procid="0x1823" name="PIC16F1823" />
  <Part arch="16Exxx" procid="0x1824" name="PIC16F1824" />
  <Part arch="16Exxx" procid="0x1825" name="PIC16F1825" />
  <Part arch="16Exxx" procid="0x1826" name="PIC16F1826" />
  <Part arch="16Exxx" procid="0x1827" name="PIC16F1827" />
  <Part arch="16Exxx" procid="0x1828" name="PIC16F1828" />
  <Part arch="16Exxx" procid="0x1829" name="PIC16F1829" />
  <Part arch="16Exxx" procid="0xB829" name="PIC16F1829LIN" />
  <Part arch="16Exxx" procid="0x1847" name="PIC16F1847" />
  <Part arch="16Exxx" procid="0x1933" name="PIC16F1933" />
  <Part arch="16Exxx" procid="0x1934" name="PIC16F1934" />
  <Part arch="16Exxx" procid="0x1936" name="PIC16F1936" />
  <Part arch="16Exxx" procid="0x1937" name="PIC16F1937" />
  <Part arch="16Exxx" procid="0x1938" name="PIC16F1938" />
  <Part arch="16Exxx" procid="0x1939" name="PIC16F1939" />
  <Part arch="16Exxx" procid="0x1946" name="PIC16F1946" />
  <Part arch="16Exxx" procid="0x1947" name="PIC16F1947" />
  <Part arch="16Exxx" procid="0xA2AE" name="PIC16F15313" />
  <Part arch="16Exxx" procid="0xA2AF" name="PIC16F15323" />
  <Part arch="16Exxx" procid="0xA2AA" name="PIC16F15324" />
  <Part arch="16Exxx" procid="0xA29E" name="PIC16F15325" />
  <Part arch="16Exxx" procid="0xA2AB" name="PIC16F15344" />
  <Part arch="16Exxx" procid="0xA29F" name="PIC16F15345" />
  <Part arch="16Exxx" procid="0xA280" name="PIC16F15354" />
  <Part arch="16Exxx" procid="0xA27F" name="PIC16F15355" />
  <Part arch="16Exxx" procid="0xA290" name="PIC16F15356" />
  <Part arch="16Exxx" procid="0xA292" name="PIC16F15375" />
  <Part arch="16Exxx" procid="0xA294" name="PIC16F15376" />
  <Part arch="16Exxx" procid="0xA296" name="PIC16F15385" />
  <Part arch="16Exxx" procid="0xA298" name="PIC16F15386" />
  <Part arch="16Exxx" procid="0x1832" name="PIC16F18313" />
  <Part arch="16Exxx" procid="0x1833" name="PIC16F18323" />
  <Part arch="16Exxx" procid="0x8324" name="PIC16F18324" />
  <Part arch="16Exxx" procid="0x1835" name="PIC16F18325" />
  <Part arch="16Exxx" procid="0x8326" name="PIC16F18326" />
  <Part arch="16Exxx" procid="0x8344" name="PIC16F18344" />
  <Part arch="16Exxx" procid="0x1834" name="PIC16F18345" />
  <Part arch="16Exxx" procid="0x8346" name="PIC16F18346" />
  <Part arch="16Exxx" procid="0xA2DB" name="PIC16F18424" />
  <Part arch="16Exxx" procid="0xA2DD" name="PIC16F18425" />
  <Part arch="16Exxx" procid="0xA2D6" name="PIC16F18426" />
  <Part arch="16Exxx" procid="0xA2DF" name="PIC16F18444" />
  <Part arch="16Exxx" procid="0xA2E1" name="PIC16F18445" />
  <Part arch="16Exxx" procid="0xA2D8" name="PIC16F18446" />
  <Part arch="16Exxx" procid="0xA2E3" name="PIC16F18455" />
  <Part arch="16Exxx" procid="0xA2E4" name="PIC16F18456" />
  <Part arch="16Exxx" procid="0x8854" name="PIC16F18854" />
  <Part arch="16Exxx" procid="0x8855" name="PIC16F18855" />
  <Part arch="16Exxx" procid="0x8856" name="PIC16F18856" />
  <Part arch="16Exxx" procid="0x8857" name="PIC16F18857" />
  <Part arch="16Exxx" procid="0x8875" name="PIC16F18875" />
  <Part arch="16Exxx" procid="0x8876" name="PIC16F18876" />
  <Part arch="16Exxx" procid="0x8877" name="PIC16F18877" />
  <Part arch="16Exxx" procid="0xA2B2" name="PIC16F19155" />
  <Part arch="16Exxx" procid="0xA2B3" name="PIC16F19156" />
  <Part arch="16Exxx" procid="0xA2B4" name="PIC16F19175" />
  <Part arch="16Exxx" procid="0xA2B5" name="PIC16F19176" />
  <Part arch="16Exxx" procid="0xA2B6" name="PIC16F19185" />
  <Part arch="16Exxx" procid="0xA2B7" name="PIC16F19186" />
  <Part arch="16Exxx" procid="0xA279" name="PIC16F19195" />
  <Part arch="16Exxx" procid="0xA27A" name="PIC16F19196" />
  <Part arch="16Exxx" procid="0xA27B" name="PIC16F19197" />
  <Part arch="16xxxx" procid="0xF610" name="PIC16F610" />
  <Part arch="16xxxx" procid="0xF616" name="PIC16F616" />
  <Part arch="16xxxx" procid="0x6627" name="PIC16F627" />
  <Part arch="16xxxx" procid="0x627A" name="PIC16F627A" />
  <Part arch="16xxxx" procid="0x6628" name="PIC16F628" />
  <Part arch="16xxxx" procid="0x628A" name="PIC16F628A" />
  <Part arch="16xxxx" procid="0x6630" name="PIC16F630" />
  <Part arch="16xxxx" procid="0x6631" name="PIC16F631" />
  <Part arch="16xxxx" procid="0xF636" name="PIC16F636" />
  <Part arch="16xxxx" procid="0xF639" name="PIC16F639" />
  <Part arch="16xxxx" procid="0x648A" name="PIC16F648A" />
  <Part arch="16xxxx" procid="0x6676" name="PIC16F676" />
  <Part arch="16xxxx" procid="0x6677" name="PIC16F677" />
  <Part arch="16xxxx" procid="0x6684" name="PIC16F684" />
  <Part arch="16xxxx" procid="0x6685" name="PIC16F685" />
  <Part arch="16xxxx" procid="0x6687" name="PIC16F687" />
  <Part arch="16xxxx" procid="0x6688" name="PIC16F688" />
  <Part arch="16xxxx" procid="0x6689" name="PIC16F689" />
  <Part arch="16xxxx" procid="0x6690" name="PIC16F690" />
  <Part arch="16xxxx" procid="0xF707" name="PIC16F707" />
  <Part arch="16xxxx" procid="0xF716" name="PIC16F716" />
  <Part arch="16xxxx" procid="0x672F" name="PIC16F72" />
  <Part arch="16xxxx" procid="0xF720" name="PIC16F720" />
  <Part arch="16xxxx" procid="0xF721" name="PIC16F721" />
  <Part arch="16xxxx" procid="0xF722" name="PIC16F722" />
  <Part arch="16xxxx" procid="0xA722" name="PIC16F722A" />
  <Part arch="16xxxx" procid="0xF723" name="PIC16F723" />
  <Part arch="16xxxx" procid="0xA723" name="PIC16F723A" />
  <Part arch="16xxxx" procid="0xF724" name="PIC16F724" />
  <Part arch="16xxxx" procid="0xF726" name="PIC16F726" />
  <Part arch="16xxxx" procid="0xF727" name="PIC16F727" />
  <Part arch="16xxxx" procid="0x673F" name="PIC16F73" />
  <Part arch="16xxxx" procid="0x6737" name="PIC16F737" />
  <Part arch="16xxxx" procid="0x674F" name="PIC16F74" />
  <Part arch="16xxxx" procid="0x6747" name="PIC16F747" />
  <Part arch="16xxxx" procid="0xF753" name="PIC16F753" />
  <Part arch="16xxxx" procid="0x676F" name="PIC16F76" />
  <Part arch="16xxxx" procid="0x6767" name="PIC16F767" />
  <Part arch="16xxxx" procid="0x677F" name="PIC16F77" />
  <Part arch="16xxxx" procid="0x6777" name="PIC16F777" />
  <Part arch="16xxxx" procid="0xF785" name="PIC16F785" />
  <Part arch="16xxxx" procid="0x818F" name="PIC16F818" />
  <Part arch="16xxxx" procid="0x819F" name="PIC16F819" />
  <Part arch="16xxxx" procid="0x6C83" name="PIC16F83" />
  <Part arch="16xxxx" procid="0x684A" name="PIC16F84" />
  <Part arch="16xxxx" procid="0x6F84" name="PIC16F84A" />
  <Part arch="16xxxx" procid="0x687F" name="PIC16F87" />
  <Part arch="16xxxx" procid="0x870F" name="PIC16F870" />
  <Part arch="16xxxx" procid="0x871F" name="PIC16F871" />
  <Part arch="16xxxx" procid="0x872F" name="PIC16F872" />
  <Part arch="16xxxx" procid="0x873F" name="PIC16F873" />
  <Part arch="16xxxx" procid="0x873A" name="PIC16F873A" />
  <Part arch="16xxxx" procid="0x874F" name="PIC16F874" />
  <Part arch="16xxxx" procid="0x874A" name="PIC16F874A" />
  <Part arch="16xxxx" procid="0x876F" name="PIC16F876" />
  <Part arch="16xxxx" procid="0x876A" name="PIC16F876A" />
  <Part arch="16xxxx" procid="0x877F" name="PIC16F877" />
  <Part arch="16xxxx" procid="0x877A" name="PIC16F877A" />
  <Part arch="16xxxx" procid="0x688F" name="PIC16F88" />
  <Part arch="16xxxx" procid="0x882F" name="PIC16F882" />
  <Part arch="16xxxx" procid="0x883F" name="PIC16F883" />
  <Part arch="16xxxx" procid="0x884F" name="PIC16F884" />
  <Part arch="16xxxx" procid="0x886F" name="PIC16F886" />
  <Part arch="16xxxx" procid="0x887F" name="PIC16F887" />
  <Part arch="16xxxx" procid="0xF913" name="PIC16F913" />
  <Part arch="16xxxx" procid="0xF914" name="PIC16F914" />
  <Part arch="16xxxx" procid="0xF916" name="PIC16F916" />
  <Part arch="16xxxx" procid="0xF917" name="PIC16F917" />
  <Part arch="16xxxx" procid="0xF946" name="PIC16F946" />
  <Part arch="18xxxx" procid="0x8242" name="PIC18C242" />
  <Part arch="18xxxx" procid="0x8252" name="PIC18C252" />
  <Part arch="18xxxx" procid="0x8442" name="PIC18C442" />
  <Part arch="18xxxx" procid="0x8452" name="PIC18C452" />
  <Part arch="18xxxx" procid="0x8601" name="PIC18C601" />
  <Part arch="18xxxx" procid="0x8658" name="PIC18C658" />
  <Part arch="18xxxx" procid="0x8801" name="PIC18C801" />
  <Part arch="18xxxx" procid="0x8858" name="PIC18C858" />
  <Part arch="18xxxx" procid="0xB132" name="PIC18F13K22" />
  <Part arch="18xxxx" procid="0xA135" name="PIC18F13K50" />
  <Part arch="18xxxx" procid="0xB142" name="PIC18F14K22" />
  <Part arch="18xxxx" procid="0xC142" name="PIC18F14K22LIN" />
  <Part arch="18xxxx" procid="0xA145" name="PIC18F14K50" />
  <Part arch="18xxxx" procid="0xD320" name="PIC18F23K20" />
  <Part arch="18xxxx" procid="0xD322" name="PIC18F23K22" />
  <Part arch="18xxxx" procid="0xD420" name="PIC18F24K20" />
  <Part arch="18xxxx" procid="0xD422" name="PIC18F24K22" />
  <Part arch="18xxxx" procid="0x2440" name="PIC18F24K40" />
  <Part arch="18xxxx" procid="0xA29A" name="PIC18F24K42" />
  <Part arch="18xxxx" procid="0xD451" name="PIC18F24K50" />
  <Part arch="18xxxx" procid="0xD520" name="PIC18F25K20" />
  <Part arch="18xxxx" procid="0xD522" name="PIC18F25K22" />
  <Part arch="18xxxx" procid="0x2540" name="PIC18F25K40" />
  <Part arch="18xxxx" procid="0xA29B" name="PIC18F25K42" />
  <Part arch="18xxxx" procid="0xD551" name="PIC18F25K50" />
  <Part arch="18xxxx" procid="0xA580" name="PIC18F25K80" />
  <Part arch="18xxxx" procid="0xA2C8" name="PIC18F25K83" />
  <Part arch="18xxxx" procid="0xD620" name="PIC18F26K20" />
  <Part arch="18xxxx" procid="0xD622" name="PIC18F26K22" />
  <Part arch="18xxxx" procid="0x2640" name="PIC18F26K40" />
  <Part arch="18xxxx" procid="0xA2BE" name="PIC18F26K42" />
  <Part arch="18xxxx" procid="0xA680" name="PIC18F26K80" />
  <Part arch="18xxxx" procid="0xA2C9" name="PIC18F26K83" />
  <Part arch="18xxxx" procid="0x2740" name="PIC18F27K40" />
  <Part arch="18xxxx" procid="0xA2CB" name="PIC18F27K42" />
  <Part arch="18xxxx" procid="0xE320" name="PIC18F43K20" />
  <Part arch="18xxxx" procid="0xE322" name="PIC18F43K22" />
  <Part arch="18xxxx" procid="0xE420" name="PIC18F44K20" />
  <Part arch="18xxxx" procid="0xE422" name="PIC18F44K22" />
  <Part arch="18xxxx" procid="0xE520" name="PIC18F45K20" />
  <Part arch="18xxxx" procid="0xE522" name="PIC18F45K22" />
  <Part arch="18xxxx" procid="0x4540" name="PIC18F45K40" />
  <Part arch="18xxxx" procid="0xA2C0" name="PIC18F45K42" />
  <Part arch="18xxxx" procid="0xE551" name="PIC18F45K50" />
  <Part arch="18xxxx" procid="0xB580" name="PIC18F45K80" />
  <Part arch="18xxxx" procid="0xE620" name="PIC18F46K20" />
  <Part arch="18xxxx" procid="0xE622" name="PIC18F46K22" />
  <Part arch="18xxxx" procid="0x4640" name="PIC18F46K40" />
  <Part arch="18xxxx" procid="0xA2C4" name="PIC18F46K42" />
  <Part arch="18xxxx" procid="0xB680" name="PIC18F46K80" />
  <Part arch="18xxxx" procid="0x4740" name="PIC18F47K40" />
  <Part arch="18xxxx" procid="0xA2CD" name="PIC18F47K42" />
  <Part arch="18xxxx" procid="0xA2C2" name="PIC18F55K42" />
  <Part arch="18xxxx" procid="0xA2C6" name="PIC18F56K42" />
  <Part arch="18xxxx" procid="0xA2CF" name="PIC18F57K42" />
  <Part arch="18xxxx" procid="0x6522" name="PIC18F65K22" />
  <Part arch="18xxxx" procid="0xA26F" name="PIC18F65K40" />
  <Part arch="18xxxx" procid="0xC580" name="PIC18F65K80" />
  <Part arch="18xxxx" procid="0xB591" name="PIC18F65K90" />
  <Part arch="18xxxx" procid="0xB622" name="PIC18F66K22" />
  <Part arch="18xxxx" procid="0x6640" name="PIC18F66K40" />
  <Part arch="18xxxx" procid="0xC680" name="PIC18F66K80" />
  <Part arch="18xxxx" procid="0xB691" name="PIC18F66K90" />
  <Part arch="18xxxx" procid="0x6722" name="PIC18F67K22" />
  <Part arch="18xxxx" procid="0x6740" name="PIC18F67K40" />
  <Part arch="18xxxx" procid="0xB790" name="PIC18F67K90" />
  <Part arch="18xxxx" procid="0x8522" name="PIC18F85K22" />
  <Part arch="18xxxx" procid="0xC591" name="PIC18F85K90" />
  <Part arch="18xxxx" procid="0xC622" name="PIC18F86K22" />
  <Part arch="18xxxx" procid="0xC690" name="PIC18F86K90" />
  <Part arch="18xxxx" procid="0x8722" name="PIC18F87K22" />
  <Part arch="18xxxx" procid="0xC790" name="PIC18F87K90" />
  <Part arch="18xxxx" procid="0xA122" name="PIC18F1220" />
  <Part arch="18xxxx" procid="0x1230" name="PIC18F1230" />
  <Part arch="18xxxx" procid="0xA132" name="PIC18F1320" />
  <Part arch="18xxxx" procid="0x1330" name="PIC18F1330" />
  <Part arch="18xxxx" procid="0xA222" name="PIC18F2220" />
  <Part arch="18xxxx" procid="0x2221" name="PIC18F2221" />
  <Part arch="18xxxx" procid="0xA232" name="PIC18F2320" />
  <Part arch="18xxxx" procid="0x2321" name="PIC18F2321" />
  <Part arch="18xxxx" procid="0x2331" name="PIC18F2331" />
  <Part arch="18xxxx" procid="0x2410" name="PIC18F2410" />
  <Part arch="18xxxx" procid="0x242F" name="PIC18F242" />
  <Part arch="18xxxx" procid="0x2420" name="PIC18F2420" />
  <Part arch="18xxxx" procid="0x2423" name="PIC18F2423" />
  <Part arch="18xxxx" procid="0x2431" name="PIC18F2431" />
  <Part arch="18xxxx" procid="0x2439" name="PIC18F2439" />
  <Part arch="18xxxx" procid="0x2450" name="PIC18F2450" />
  <Part arch="18xxxx" procid="0x2455" name="PIC18F2455" />
  <Part arch="18xxxx" procid="0x2458" name="PIC18F2458" />
  <Part arch="18xxxx" procid="0x8248" name="PIC18F248" />
  <Part arch="18xxxx" procid="0x2480" name="PIC18F2480" />
  <Part arch="18xxxx" procid="0x2510" name="PIC18F2510" />
  <Part arch="18xxxx" procid="0x2515" name="PIC18F2515" />
  <Part arch="18xxxx" procid="0x252F" name="PIC18F252" />
  <Part arch="18xxxx" procid="0x2520" name="PIC18F2520" />
  <Part arch="18xxxx" procid="0x2523" name="PIC18F2523" />
  <Part arch="18xxxx" procid="0x2525" name="PIC18F2525" />
  <Part arch="18xxxx" procid="0x2539" name="PIC18F2539" />
  <Part arch="18xxxx" procid="0x2550" name="PIC18F2550" />
  <Part arch="18xxxx" procid="0x2553" name="PIC18F2553" />
  <Part arch="18xxxx" procid="0x8258" name="PIC18F258" />
  <Part arch="18xxxx" procid="0x2580" name="PIC18F2580" />
  <Part arch="18xxxx" procid="0x2585" name="PIC18F2585" />
  <Part arch="18xxxx" procid="0x2610" name="PIC18F2610" />
  <Part arch="18xxxx" procid="0x2620" name="PIC18F2620" />
  <Part arch="18xxxx" procid="0x2680" name="PIC18F2680" />
  <Part arch="18xxxx" procid="0x2682" name="PIC18F2682" />
  <Part arch="18xxxx" procid="0x2685" name="PIC18F2685" />
  <Part arch="18xxxx" procid="0xA422" name="PIC18F4220" />
  <Part arch="18xxxx" procid="0x4221" name="PIC18F4221" />
  <Part arch="18xxxx" procid="0xA432" name="PIC18F4320" />
  <Part arch="18xxxx" procid="0x4321" name="PIC18F4321" />
  <Part arch="18xxxx" procid="0x4331" name="PIC18F4331" />
  <Part arch="18xxxx" procid="0x4410" name="PIC18F4410" />
  <Part arch="18xxxx" procid="0x442F" name="PIC18F442" />
  <Part arch="18xxxx" procid="0x4420" name="PIC18F4420" />
  <Part arch="18xxxx" procid="0x4423" name="PIC18F4423" />
  <Part arch="18xxxx" procid="0x4431" name="PIC18F4431" />
  <Part arch="18xxxx" procid="0x4439" name="PIC18F4439" />
  <Part arch="18xxxx" procid="0x4450" name="PIC18F4450" />
  <Part arch="18xxxx" procid="0x4455" name="PIC18F4455" />
  <Part arch="18xxxx" procid="0x4458" name="PIC18F4458" />
  <Part arch="18xxxx" procid="0x8448" name="PIC18F448" />
  <Part arch="18xxxx" procid="0x4480" name="PIC18F4480" />
  <Part arch="18xxxx" procid="0x4510" name="PIC18F4510" />
  <Part arch="18xxxx" procid="0x4515" name="PIC18F4515" />
  <Part arch="18xxxx" procid="0x452F" name="PIC18F452" />
  <Part arch="18xxxx" procid="0x4520" name="PIC18F4520" />
  <Part arch="18xxxx" procid="0x4523" name="PIC18F4523" />
  <Part arch="18xxxx" procid="0x4525" name="PIC18F4525" />
  <Part arch="18xxxx" procid="0x4539" name="PIC18F4539" />
  <Part arch="18xxxx" procid="0x4550" name="PIC18F4550" />
  <Part arch="18xxxx" procid="0x4553" name="PIC18F4553" />
  <Part arch="18xxxx" procid="0x8458" name="PIC18F458" />
  <Part arch="18xxxx" procid="0x4580" name="PIC18F4580" />
  <Part arch="18xxxx" procid="0x4585" name="PIC18F4585" />
  <Part arch="18xxxx" procid="0x4610" name="PIC18F4610" />
  <Part arch="18xxxx" procid="0x4620" name="PIC18F4620" />
  <Part arch="18xxxx" procid="0x4680" name="PIC18F4680" />
  <Part arch="18xxxx" procid="0x4682" name="PIC18F4682" />
  <Part arch="18xxxx" procid="0x4685" name="PIC18F4685" />
  <Part arch="18xxxx" procid="0x6310" name="PIC18F6310" />
  <Part arch="18xxxx" procid="0x6390" name="PIC18F6390" />
  <Part arch="18xxxx" procid="0x6393" name="PIC18F6393" />
  <Part arch="18xxxx" procid="0x6410" name="PIC18F6410" />
  <Part arch="18xxxx" procid="0x6490" name="PIC18F6490" />
  <Part arch="18xxxx" procid="0x6493" name="PIC18F6493" />
  <Part arch="18xxxx" procid="0xA652" name="PIC18F6520" />
  <Part arch="18xxxx" procid="0x6525" name="PIC18F6525" />
  <Part arch="18xxxx" procid="0x6527" name="PIC18F6527" />
  <Part arch="18xxxx" procid="0x6585" name="PIC18F6585" />
  <Part arch="18xxxx" procid="0xA662" name="PIC18F6620" />
  <Part arch="18xxxx" procid="0xA621" name="PIC18F6621" />
  <Part arch="18xxxx" procid="0xF622" name="PIC18F6622" />
  <Part arch="18xxxx" procid="0xF625" name="PIC18F6627" />
  <Part arch="18xxxx" procid="0xA628" name="PIC18F6628" />
  <Part arch="18xxxx" procid="0x6680" name="PIC18F6680" />
  <Part arch="18xxxx" procid="0xA672" name="PIC18F6720" />
  <Part arch="18xxxx" procid="0x6721" name="PIC18F6722" />
  <Part arch="18xxxx" procid="0x6723" name="PIC18F6723" />
  <Part arch="18xxxx" procid="0x8310" name="PIC18F8310" />
  <Part arch="18xxxx" procid="0x8390" name="PIC18F8390" />
  <Part arch="18xxxx" procid="0x8393" name="PIC18F8393" />
  <Part arch="18xxxx" procid="0x8410" name="PIC18F8410" />
  <Part arch="18xxxx" procid="0x8490" name="PIC18F8490" />
  <Part arch="18xxxx" procid="0x8493" name="PIC18F8493" />
  <Part arch="18xxxx" procid="0xA852" name="PIC18F8520" />
  <Part arch="18xxxx" procid="0x8525" name="PIC18F8525" />
  <Part arch="18xxxx" procid="0x8527" name="PIC18F8527" />
  <Part arch="18xxxx" procid="0x8585" name="PIC18F8585" />
  <Part arch="18xxxx" procid="0xA862" name="PIC18F8620" />
  <Part arch="18xxxx" procid="0x8621" name="PIC18F8621" />
  <Part arch="18xxxx" procid="0x8622" name="PIC18F8622" />
  <Part arch="18xxxx" procid="0x8625" name="PIC18F8627" />
  <Part arch="18xxxx" procid="0x8628" name="PIC18F8628" />
  <Part arch="18xxxx" procid="0x8680" name="PIC18F8680" />
  <Part arch="18xxxx" procid="0xA872" name="PIC18F8720" />
  <Part arch="18xxxx" procid="0x8721" name="PIC18F8722" />
  <Part arch="18xxxx" procid="0x8723" name="PIC18F8723" />
</PICPartInfo>